{
  "accuracy": 0.8301282051282052,
  "precision": 0.8183856502242153,
  "recall": 0.9358974358974359,
  "roc_auc": 0.9271860618014465,
  "confusion_matrix": [
    [
      153,
      81
    ],
    [
      25,
      365
    ]
  ],
  "classes": [
    "NORMAL",
    "PNEUMONIA"
  ]
}